[{
	"id": 1,
	"name": "Transformer Bumbebee",
	"description": "Transformers Robots in disguise super bublebee figure",
	"productNumber": "UUID34234923934293",
	"manufactured": true,
	"colors": ["blue", "red", "green"],
	"safetyStockLevel": 250,
	"standardCost": 350.00,
	"listPrice": 500.00,
	"size":"100x200",
  	"sizeUnitMeasureCode":"in",
  	"weightUnitMeasureCode":"gr",
  	"weight":400,
  	"daysToManufacture":10,
	"categories": ["transformers", "5 - 10"],
	"stock": 1380,
	"images": ["/wcsstore/HTSStorefrontAssetStore/Attachment/HomePage/Product eSpots/Bumblebee_B07570000.png"]
}, {
	"id": 2,
	"name": "Furreal Friends",
	"category": "Featured Products",
	"description": "Furreal Friends JJ My Jumpin Pug",
	"productNumber": "UUID34234923934283",
	"manufactured": true,
	"colors": ["orange", "black", "white"],
	"safetyStockLevel": 100,
	"standardCost": 59.00,
	"listPrice": 79.90,
	"size":"150x300",
  	"sizeUnitMeasureCode":"in",
  	"weightUnitMeasureCode":"gr",
  	"weight":350,
  	"daysToManufacture":25,	
	"categories": ["little pets", "3-5"],
	"stock": 400,
	"images": ["/wcsstore/HTSStorefrontAssetStore/Attachment/HomePage/Product eSpots/B0449AS00_JumpingPug.png"]
}]