{
  "id": 1,
  "name": "ELMO",
  "description": "Playskool sesame street play all day Elmo",
  "productNumber":"UUID34234923934293",
  "manufactured":true,
  "colors":["blue","red","green"],
  "safetyStockLevel":540,
  "standardCost":78.00,
  "listPrice":99.90,
  "size":"200x300",
  "sizeUnitMeasureCode":"in",
  "weightUnitMeasureCode":"gr",
  "weight":400,
  "daysToManufacture":10,
  "categories":["playskool","sesame street"],
  "stock":2800,
  "images":[
  	"/wcsstore/HTSStorefrontAssetStore/Attachment/HomePage/Product eSpots/Play-All-Day-Elmo.png"
  ]
}
