{
  "name": "OVEN BAKING",
  "description": "Easy-Bake ultimate oven banking star edition",
  "productNumber":"UUID34234923934293",
  "manufactured":true,
  "colors":["white"],
  "safetyStockLevel":50,
  "standardCost":54.99,
  "listPrice":79.90,
  "size":"100x50",
  "sizeUnitMeasureCode":"inch",
  "weightUnitMeasureCode":"gr",
  "wight":550,
  "daysToManufacture":6,
  "categories":["rainbow","girls toys"],
  "stock":76,
  "images":[
    "/wcsstore/HTSStorefrontAssetStore/Attachment/HomePage/Product eSpots/EZB-Ultimate-Oven-Baking-Star-front.png",
    "/wcsstore/HTSStorefrontAssetStore/Attachment/HomePage/Product eSpots/EZB-Ultimate-Oven-Baking-Star-back.png",
    "/wcsstore/HTSStorefrontAssetStore/Attachment/HomePage/Product eSpots/EZB-Ultimate-Oven-Baking-Star-right.png"
  ]
}
