{
	"required": true,
	"$schema": "http://json-schema.org/draft-03/schema",
	"type": "object",
	"description": "Product Schema",
	"properties": {
		"id": {
			"required": false,
			"type": "integer"
		},
		"name": {
			"required": false,
			"type": "string"
		},
		"description": {
			"required": false,
			"type": "string"
		},
		"productNumber": {
			"required": false,
			"type": "string"
		},
		"manufactured": {
			"required": false,
			"type": "boolean"
		},
		"colors": {
			"required": false,
			"type": "array"
		},
		"safetyStockLevel": {
			"required": false,
			"type": "integer"
		},
		"standardCost": {
			"required": false,
			"type": "number"
		},
		"listPrice": {
			"required": false,
			"type": "number"
		},
		"size": {
			"required": false,
			"type": "string"
		},
		"sizeUnitMeasureCode": {
			"required": false,
			"type": "string"
		},
		"weightUnitMeasureCode": {
			"required": false,
			"type": "string"
		},
		"weight": {
			"required": false,
			"type": "integer"
		},
		"daysToManufacture": {
			"required": false,
			"type": "integer"
		},
		"categories": {
			"required": false,
			"type": "array"
		},
		"stock": {
			"required": false,
			"type": "integer"
		},
		"images": {
			"required": false,
			"type": "array"
		},
		"modifiedDate": {
			"required": false,
			"type": "string"
		},
		"createdDate": {
			"required": false,
			"type": "string"
		}
	}
}