<?xml version="1.0" encoding="UTF-8"?>
<mule xmlns:doc="http://www.mulesoft.org/schema/mule/documentation" xmlns="http://www.mulesoft.org/schema/mule/core" xmlns:apikit="http://www.mulesoft.org/schema/mule/apikit" xmlns:http="http://www.mulesoft.org/schema/mule/http" xmlns:spring="http://www.springframework.org/schema/beans" xmlns:xsi="http://www.w3.org/2001/XMLSchema-instance" xsi:schemaLocation="http://www.mulesoft.org/schema/mule/core http://www.mulesoft.org/schema/mule/core/current/mule.xsd
http://www.mulesoft.org/schema/mule/http http://www.mulesoft.org/schema/mule/http/current/mule-http.xsd
http://www.mulesoft.org/schema/mule/apikit http://www.mulesoft.org/schema/mule/apikit/current/mule-apikit.xsd
http://www.springframework.org/schema/beans http://www.springframework.org/schema/beans/spring-beans-3.1.xsd">
    <http:listener-config name="api-product-httpListenerConfig" host="0.0.0.0" port="8081" doc:name="HTTP Listener Configuration"/>
    <apikit:config name="api-product-config" raml="api-product.raml" consoleEnabled="false" doc:name="Router"/>
    <flow name="api-product-main">
        <http:listener config-ref="api-product-httpListenerConfig" path="/api/*" doc:name="HTTP"/>
        <apikit:router config-ref="api-product-config" doc:name="APIkit Router"/>
        <exception-strategy ref="api-product-apiKitGlobalExceptionMapping" doc:name="Reference Exception Strategy"/>
    </flow>
    <flow name="api-product-console">
        <http:listener config-ref="api-product-httpListenerConfig" path="/console/*" doc:name="HTTP"/>
        <apikit:console config-ref="api-product-config" doc:name="APIkit Console"/>
    </flow>
    <flow name="put:/product/{id}:application/json:api-product-config">
        <set-payload value="#[NullPayload.getInstance()]" doc:name="Set Payload"/>
    </flow>
    <flow name="delete:/product/{id}:api-product-config">
        <set-payload value="#[NullPayload.getInstance()]" doc:name="Set Payload"/>
    </flow>
    <flow name="get:/product/{id}:api-product-config">
        <set-payload value="{&#xA;  &quot;id&quot;: 1,&#xA;  &quot;name&quot;: &quot;ELMO&quot;,&#xA;  &quot;description&quot;: &quot;Playskool sesame street play all day Elmo&quot;,&#xA;  &quot;productNumber&quot;:&quot;UUID34234923934293&quot;,&#xA;  &quot;manufactured&quot;:true,&#xA;  &quot;colors&quot;:[&quot;blue&quot;,&quot;red&quot;,&quot;green&quot;],&#xA;  &quot;safetyStockLevel&quot;:540,&#xA;  &quot;standardCost&quot;:78.00,&#xA;  &quot;listPrice&quot;:99.90,&#xA;  &quot;size&quot;:&quot;200x300&quot;,&#xA;  &quot;sizeUnitMeasureCode&quot;:&quot;in&quot;,&#xA;  &quot;weightUnitMeasureCode&quot;:&quot;gr&quot;,&#xA;  &quot;weight&quot;:400,&#xA;  &quot;daysToManufacture&quot;:10,&#xA;  &quot;categories&quot;:[&quot;playskool&quot;,&quot;sesame street&quot;],&#xA;  &quot;stock&quot;:2800,&#xA;  &quot;images&quot;:[&#xA;  &#x9;&quot;/wcsstore/HTSStorefrontAssetStore/Attachment/HomePage/Product eSpots/Play-All-Day-Elmo.png&quot;&#xA;  ]&#xA;}" doc:name="Set Payload"/>
    </flow>
    <flow name="get:/product:api-product-config">
        <set-payload value="[{&#xA;&#x9;&quot;id&quot;: 1,&#xA;&#x9;&quot;name&quot;: &quot;Transformer Bumbebee&quot;,&#xA;&#x9;&quot;description&quot;: &quot;Transformers Robots in disguise super bublebee figure&quot;,&#xA;&#x9;&quot;productNumber&quot;: &quot;UUID34234923934293&quot;,&#xA;&#x9;&quot;manufactured&quot;: true,&#xA;&#x9;&quot;colors&quot;: [&quot;blue&quot;, &quot;red&quot;, &quot;green&quot;],&#xA;&#x9;&quot;safetyStockLevel&quot;: 250,&#xA;&#x9;&quot;standardCost&quot;: 350.00,&#xA;&#x9;&quot;listPrice&quot;: 500.00,&#xA;&#x9;&quot;size&quot;:&quot;100x200&quot;,&#xA;  &#x9;&quot;sizeUnitMeasureCode&quot;:&quot;in&quot;,&#xA;  &#x9;&quot;weightUnitMeasureCode&quot;:&quot;gr&quot;,&#xA;  &#x9;&quot;weight&quot;:400,&#xA;  &#x9;&quot;daysToManufacture&quot;:10,&#xA;&#x9;&quot;categories&quot;: [&quot;transformers&quot;, &quot;5 - 10&quot;],&#xA;&#x9;&quot;stock&quot;: 1380,&#xA;&#x9;&quot;images&quot;: [&quot;/wcsstore/HTSStorefrontAssetStore/Attachment/HomePage/Product eSpots/Bumblebee_B07570000.png&quot;]&#xA;}, {&#xA;&#x9;&quot;id&quot;: 2,&#xA;&#x9;&quot;name&quot;: &quot;Furreal Friends&quot;,&#xA;&#x9;&quot;category&quot;: &quot;Featured Products&quot;,&#xA;&#x9;&quot;description&quot;: &quot;Furreal Friends JJ My Jumpin Pug&quot;,&#xA;&#x9;&quot;productNumber&quot;: &quot;UUID34234923934283&quot;,&#xA;&#x9;&quot;manufactured&quot;: true,&#xA;&#x9;&quot;colors&quot;: [&quot;orange&quot;, &quot;black&quot;, &quot;white&quot;],&#xA;&#x9;&quot;safetyStockLevel&quot;: 100,&#xA;&#x9;&quot;standardCost&quot;: 59.00,&#xA;&#x9;&quot;listPrice&quot;: 79.90,&#xA;&#x9;&quot;size&quot;:&quot;150x300&quot;,&#xA;  &#x9;&quot;sizeUnitMeasureCode&quot;:&quot;in&quot;,&#xA;  &#x9;&quot;weightUnitMeasureCode&quot;:&quot;gr&quot;,&#xA;  &#x9;&quot;weight&quot;:350,&#xA;  &#x9;&quot;daysToManufacture&quot;:25,&#x9;&#xA;&#x9;&quot;categories&quot;: [&quot;little pets&quot;, &quot;3-5&quot;],&#xA;&#x9;&quot;stock&quot;: 400,&#xA;&#x9;&quot;images&quot;: [&quot;/wcsstore/HTSStorefrontAssetStore/Attachment/HomePage/Product eSpots/B0449AS00_JumpingPug.png&quot;]&#xA;}]" doc:name="Set Payload"/>
    </flow>
    <flow name="post:/product:application/json:api-product-config">
        <set-property propertyName="Content-Type" value="application/json" doc:name="Property"/>
        <set-payload value="{&#xA;&#x9;&quot;id&quot;: 1,&#xA;&#x9;&quot;name&quot;: &quot;OVEN BAKING&quot;,&#xA;&#x9;&quot;description&quot;: &quot;Easy-Bake ultimate oven banking star edition&quot;,&#xA;&#x9;&quot;productNumber&quot;: &quot;UUID34234923934293&quot;,&#xA;&#x9;&quot;manufactured&quot;: true,&#xA;&#x9;&quot;colors&quot;: [&quot;white&quot;],&#xA;&#x9;&quot;safetyStockLevel&quot;: 50,&#xA;&#x9;&quot;standardCost&quot;: 54.99,&#xA;&#x9;&quot;listPrice&quot;: 79.90,&#xA;&#x9;&quot;size&quot;: &quot;100x50&quot;,&#xA;&#x9;&quot;sizeUnitMeasureCode&quot;: &quot;inch&quot;,&#xA;&#x9;&quot;weightUnitMeasureCode&quot;: &quot;gr&quot;,&#xA;&#x9;&quot;wight&quot;: 550,&#xA;&#x9;&quot;daysToManufacture&quot;: 6,&#xA;&#x9;&quot;categories&quot;: [&quot;rainbow&quot;, &quot;girls toys&quot;],&#xA;&#x9;&quot;stock&quot;: 76,&#xA;&#x9;&quot;images&quot;: [&#xA;&#x9;&#x9;&quot;/wcsstore/HTSStorefrontAssetStore/Attachment/HomePage/Product eSpots/EZB-Ultimate-Oven-Baking-Star-front.png&quot;,&#xA;&#x9;&#x9;&quot;/wcsstore/HTSStorefrontAssetStore/Attachment/HomePage/Product eSpots/EZB-Ultimate-Oven-Baking-Star-back.png&quot;,&#xA;&#x9;&#x9;&quot;/wcsstore/HTSStorefrontAssetStore/Attachment/HomePage/Product eSpots/EZB-Ultimate-Oven-Baking-Star-right.png&quot;&#xA;&#x9;],&#xA;&#x9;&quot;createdDate&quot;: &quot;2015/08/12&quot;&#xA;}" doc:name="Set Payload"/>
    </flow>
    <apikit:mapping-exception-strategy name="api-product-apiKitGlobalExceptionMapping">
        <apikit:mapping statusCode="404">
            <apikit:exception value="org.mule.module.apikit.exception.NotFoundException" />
            <set-property propertyName="Content-Type" value="application/json" doc:name="Property"/>
            <set-payload value="{ &quot;message&quot;: &quot;Resource not found&quot; }" doc:name="Set Payload"/>
        </apikit:mapping>
        <apikit:mapping statusCode="405">
            <apikit:exception value="org.mule.module.apikit.exception.MethodNotAllowedException" />
            <set-property propertyName="Content-Type" value="application/json" doc:name="Property"/>
            <set-payload value="{ &quot;message&quot;: &quot;Method not allowed&quot; }" doc:name="Set Payload"/>
        </apikit:mapping>
        <apikit:mapping statusCode="415">
            <apikit:exception value="org.mule.module.apikit.exception.UnsupportedMediaTypeException" />
            <set-property propertyName="Content-Type" value="application/json" doc:name="Property"/>
            <set-payload value="{ &quot;message&quot;: &quot;Unsupported media type&quot; }" doc:name="Set Payload"/>
        </apikit:mapping>
        <apikit:mapping statusCode="406">
            <apikit:exception value="org.mule.module.apikit.exception.NotAcceptableException" />
            <set-property propertyName="Content-Type" value="application/json" doc:name="Property"/>
            <set-payload value="{ &quot;message&quot;: &quot;Not acceptable&quot; }" doc:name="Set Payload"/>
        </apikit:mapping>
        <apikit:mapping statusCode="400">
            <apikit:exception value="org.mule.module.apikit.exception.BadRequestException" />
            <set-property propertyName="Content-Type" value="application/json" doc:name="Property"/>
            <set-payload value="{ &quot;message&quot;: &quot;Bad request&quot; }" doc:name="Set Payload"/>
        </apikit:mapping>
    </apikit:mapping-exception-strategy>
</mule>
